session,participant,set_id,exercise,reps,start_frame,end_frame,T,dur_sec,fs,fs_native,device,npz_path
w00,2,1,pushups,10.0,11160.0,11586.0,1419,14.180000305175781,100.0,100.0,sw_r,/content/drive/MyDrive/Colab Notebooks/HAR_data/mmfit_imu_3ex_trials/npz/w00_set001_pushups_reps10.npz
w00,2,2,pushups,10.0,13620.0,14000.0,1266,12.649999618530273,100.0,100.0,sw_r,/content/drive/MyDrive/Colab Notebooks/HAR_data/mmfit_imu_3ex_trials/npz/w00_set002_pushups_reps10.npz
w00,2,3,lunges,10.0,22147.0,22990.0,2808,28.06999969482422,100.0,100.0,sw_r,/content/drive/MyDrive/Colab Notebooks/HAR_data/mmfit_imu_3ex_trials/npz/w00_set003_lunges_reps10.npz
w00,2,4,lunges,10.0,25391.0,26226.0,2783,27.81999969482422,100.0,100.0,sw_r,/content/drive/MyDrive/Colab Notebooks/HAR_data/mmfit_imu_3ex_trials/npz/w00_set004_lunges_reps10.npz
w00,2,5,lunges,10.0,29277.0,30156.0,2929,29.280000686645508,100.0,100.0,sw_r,/content/drive/MyDrive/Colab Notebooks/HAR_data/mmfit_imu_3ex_trials/npz/w00_set005_lunges_reps10.npz
w00,2,6,dumbbell_rows,11.0,31680.0,32205.0,1750,17.489999771118164,100.0,100.0,sw_r,/content/drive/MyDrive/Colab Notebooks/HAR_data/mmfit_imu_3ex_trials/npz/w00_set006_dumbbell_rows_reps11.npz
w00,2,7,dumbbell_rows,10.0,34605.0,35060.0,1517,15.15999984741211,100.0,100.0,sw_r,/content/drive/MyDrive/Colab Notebooks/HAR_data/mmfit_imu_3ex_trials/npz/w00_set007_dumbbell_rows_reps10.npz
w00,2,8,dumbbell_rows,11.0,38000.0,38500.0,1665,16.639999389648438,100.0,100.0,sw_r,/content/drive/MyDrive/Colab Notebooks/HAR_data/mmfit_imu_3ex_trials/npz/w00_set008_dumbbell_rows_reps11.npz
w01,0,0,pushups,10.0,11960.0,12316.0,1187,11.859999656677246,100.0,100.0,sw_r,/content/drive/MyDrive/Colab Notebooks/HAR_data/mmfit_imu_3ex_trials/npz/w01_set000_pushups_reps10.npz
w01,0,1,pushups,10.0,15150.0,15604.0,1514,15.130000114440918,100.0,100.0,sw_r,/content/drive/MyDrive/Colab Notebooks/HAR_data/mmfit_imu_3ex_trials/npz/w01_set001_pushups_reps10.npz
w01,0,2,pushups,10.0,18065.0,18545.0,1600,15.989999771118164,100.0,100.0,sw_r,/content/drive/MyDrive/Colab Notebooks/HAR_data/mmfit_imu_3ex_trials/npz/w01_set002_pushups_reps10.npz
w01,0,3,lunges,10.0,24360.0,25215.0,2849,28.479999542236328,100.0,100.0,sw_r,/content/drive/MyDrive/Colab Notebooks/HAR_data/mmfit_imu_3ex_trials/npz/w01_set003_lunges_reps10.npz
w01,0,4,lunges,10.0,29060.0,29765.0,2350,23.489999771118164,100.0,100.0,sw_r,/content/drive/MyDrive/Colab Notebooks/HAR_data/mmfit_imu_3ex_trials/npz/w01_set004_lunges_reps10.npz
w01,0,5,lunges,10.0,33364.0,34129.0,2549,25.479999542236328,100.0,100.0,sw_r,/content/drive/MyDrive/Colab Notebooks/HAR_data/mmfit_imu_3ex_trials/npz/w01_set005_lunges_reps10.npz
w01,0,6,dumbbell_rows,10.0,37940.0,38553.0,2043,20.420000076293945,100.0,100.0,sw_r,/content/drive/MyDrive/Colab Notebooks/HAR_data/mmfit_imu_3ex_trials/npz/w01_set006_dumbbell_rows_reps10.npz
w01,0,7,dumbbell_rows,10.0,39171.0,39797.0,2086,20.850000381469727,100.0,100.0,sw_r,/content/drive/MyDrive/Colab Notebooks/HAR_data/mmfit_imu_3ex_trials/npz/w01_set007_dumbbell_rows_reps10.npz
w01,0,8,dumbbell_rows,10.0,40294.0,40914.0,2066,20.649999618530273,100.0,100.0,sw_r,/content/drive/MyDrive/Colab Notebooks/HAR_data/mmfit_imu_3ex_trials/npz/w01_set008_dumbbell_rows_reps10.npz
w01,0,9,dumbbell_rows,10.0,46449.0,46981.0,1773,17.719999313354492,100.0,100.0,sw_r,/content/drive/MyDrive/Colab Notebooks/HAR_data/mmfit_imu_3ex_trials/npz/w01_set009_dumbbell_rows_reps10.npz
w02,1,0,pushups,10.0,6238.0,6705.0,1556,15.550000190734863,100.0,100.0,sw_r,/content/drive/MyDrive/Colab Notebooks/HAR_data/mmfit_imu_3ex_trials/npz/w02_set000_pushups_reps10.npz
w02,1,1,pushups,10.0,7984.0,8433.0,1496,14.949999809265137,100.0,100.0,sw_r,/content/drive/MyDrive/Colab Notebooks/HAR_data/mmfit_imu_3ex_trials/npz/w02_set001_pushups_reps10.npz
w02,1,2,pushups,10.0,10958.0,11370.0,1373,13.720000267028809,100.0,100.0,sw_r,/content/drive/MyDrive/Colab Notebooks/HAR_data/mmfit_imu_3ex_trials/npz/w02_set002_pushups_reps10.npz
w02,1,3,lunges,10.0,24072.0,24865.0,2642,26.40999984741211,100.0,100.0,sw_r,/content/drive/MyDrive/Colab Notebooks/HAR_data/mmfit_imu_3ex_trials/npz/w02_set003_lunges_reps10.npz
w02,1,4,lunges,10.0,27535.0,28379.0,2813,28.1200008392334,100.0,100.0,sw_r,/content/drive/MyDrive/Colab Notebooks/HAR_data/mmfit_imu_3ex_trials/npz/w02_set004_lunges_reps10.npz
w02,1,5,lunges,10.0,29067.0,29919.0,2840,28.389999389648438,100.0,100.0,sw_r,/content/drive/MyDrive/Colab Notebooks/HAR_data/mmfit_imu_3ex_trials/npz/w02_set005_lunges_reps10.npz
w02,1,6,dumbbell_rows,10.0,30615.0,31184.0,1896,18.950000762939453,100.0,100.0,sw_r,/content/drive/MyDrive/Colab Notebooks/HAR_data/mmfit_imu_3ex_trials/npz/w02_set006_dumbbell_rows_reps10.npz
w02,1,7,dumbbell_rows,10.0,34467.0,34984.0,1724,17.229999542236328,100.0,100.0,sw_r,/content/drive/MyDrive/Colab Notebooks/HAR_data/mmfit_imu_3ex_trials/npz/w02_set007_dumbbell_rows_reps10.npz
w02,1,8,dumbbell_rows,10.0,37062.0,37542.0,1599,15.979999542236328,100.0,100.0,sw_r,/content/drive/MyDrive/Colab Notebooks/HAR_data/mmfit_imu_3ex_trials/npz/w02_set008_dumbbell_rows_reps10.npz
w03,0,0,pushups,10.0,6384.0,6852.0,1560,15.59000015258789,100.0,100.0,sw_r,/content/drive/MyDrive/Colab Notebooks/HAR_data/mmfit_imu_3ex_trials/npz/w03_set000_pushups_reps10.npz
w03,0,1,pushups,10.0,13510.0,14006.0,1653,16.520000457763672,100.0,100.0,sw_r,/content/drive/MyDrive/Colab Notebooks/HAR_data/mmfit_imu_3ex_trials/npz/w03_set001_pushups_reps10.npz
w03,0,2,pushups,10.0,15224.0,15674.0,1499,14.979999542236328,100.0,100.0,sw_r,/content/drive/MyDrive/Colab Notebooks/HAR_data/mmfit_imu_3ex_trials/npz/w03_set002_pushups_reps10.npz
w03,0,3,lunges,10.0,24345.0,25130.0,2616,26.149999618530273,100.0,100.0,sw_r,/content/drive/MyDrive/Colab Notebooks/HAR_data/mmfit_imu_3ex_trials/npz/w03_set003_lunges_reps10.npz
w03,0,4,lunges,10.0,26046.0,26831.0,2616,26.149999618530273,100.0,100.0,sw_r,/content/drive/MyDrive/Colab Notebooks/HAR_data/mmfit_imu_3ex_trials/npz/w03_set004_lunges_reps10.npz
w03,0,5,lunges,10.0,27337.0,28126.0,2630,26.290000915527344,100.0,100.0,sw_r,/content/drive/MyDrive/Colab Notebooks/HAR_data/mmfit_imu_3ex_trials/npz/w03_set005_lunges_reps10.npz
w03,0,6,dumbbell_rows,10.0,28813.0,29356.0,1810,18.09000015258789,100.0,100.0,sw_r,/content/drive/MyDrive/Colab Notebooks/HAR_data/mmfit_imu_3ex_trials/npz/w03_set006_dumbbell_rows_reps10.npz
w03,0,7,dumbbell_rows,10.0,29953.0,30487.0,1780,17.790000915527344,100.0,100.0,sw_r,/content/drive/MyDrive/Colab Notebooks/HAR_data/mmfit_imu_3ex_trials/npz/w03_set007_dumbbell_rows_reps10.npz
w03,0,8,dumbbell_rows,10.0,31515.0,32065.0,1832,18.309999465942383,100.0,100.0,sw_r,/content/drive/MyDrive/Colab Notebooks/HAR_data/mmfit_imu_3ex_trials/npz/w03_set008_dumbbell_rows_reps10.npz
w04,1,0,pushups,10.0,7791.0,8247.0,1519,15.180000305175781,100.0,100.0,sw_r,/content/drive/MyDrive/Colab Notebooks/HAR_data/mmfit_imu_3ex_trials/npz/w04_set000_pushups_reps10.npz
w04,1,1,pushups,10.0,10471.0,10918.0,1489,14.880000114440918,100.0,100.0,sw_r,/content/drive/MyDrive/Colab Notebooks/HAR_data/mmfit_imu_3ex_trials/npz/w04_set001_pushups_reps10.npz
w04,1,2,pushups,10.0,12032.0,12506.0,1579,15.779999732971191,100.0,100.0,sw_r,/content/drive/MyDrive/Colab Notebooks/HAR_data/mmfit_imu_3ex_trials/npz/w04_set002_pushups_reps10.npz
w04,1,3,lunges,10.0,22307.0,23211.0,3012,30.110000610351562,100.0,100.0,sw_r,/content/drive/MyDrive/Colab Notebooks/HAR_data/mmfit_imu_3ex_trials/npz/w04_set003_lunges_reps10.npz
w04,1,4,lunges,10.0,27679.0,28572.0,2975,29.739999771118164,100.0,100.0,sw_r,/content/drive/MyDrive/Colab Notebooks/HAR_data/mmfit_imu_3ex_trials/npz/w04_set004_lunges_reps10.npz
w04,1,5,dumbbell_rows,10.0,29449.0,30012.0,1876,18.75,100.0,100.0,sw_r,/content/drive/MyDrive/Colab Notebooks/HAR_data/mmfit_imu_3ex_trials/npz/w04_set005_dumbbell_rows_reps10.npz
w04,1,6,dumbbell_rows,10.0,34017.0,34540.0,1743,17.420000076293945,100.0,100.0,sw_r,/content/drive/MyDrive/Colab Notebooks/HAR_data/mmfit_imu_3ex_trials/npz/w04_set006_dumbbell_rows_reps10.npz
w04,1,7,dumbbell_rows,10.0,35788.0,36304.0,1719,17.18000030517578,100.0,100.0,sw_r,/content/drive/MyDrive/Colab Notebooks/HAR_data/mmfit_imu_3ex_trials/npz/w04_set007_dumbbell_rows_reps10.npz
w05,2,0,pushups,10.0,6353.0,6780.0,1423,14.220000267028809,100.0,100.0,sw_r,/content/drive/MyDrive/Colab Notebooks/HAR_data/mmfit_imu_3ex_trials/npz/w05_set000_pushups_reps10.npz
w05,2,1,pushups,10.0,7897.0,8360.0,1543,15.420000076293945,100.0,100.0,sw_r,/content/drive/MyDrive/Colab Notebooks/HAR_data/mmfit_imu_3ex_trials/npz/w05_set001_pushups_reps10.npz
w05,2,2,pushups,10.0,9365.0,9761.0,1320,13.1899995803833,100.0,100.0,sw_r,/content/drive/MyDrive/Colab Notebooks/HAR_data/mmfit_imu_3ex_trials/npz/w05_set002_pushups_reps10.npz
w05,2,3,lunges,10.0,16821.0,17640.0,2730,27.290000915527344,100.0,100.0,sw_r,/content/drive/MyDrive/Colab Notebooks/HAR_data/mmfit_imu_3ex_trials/npz/w05_set003_lunges_reps10.npz
w05,2,4,lunges,10.0,19636.0,20483.0,2822,28.209999084472656,100.0,100.0,sw_r,/content/drive/MyDrive/Colab Notebooks/HAR_data/mmfit_imu_3ex_trials/npz/w05_set004_lunges_reps10.npz
w05,2,5,lunges,11.0,22735.0,23606.0,2903,29.020000457763672,100.0,100.0,sw_r,/content/drive/MyDrive/Colab Notebooks/HAR_data/mmfit_imu_3ex_trials/npz/w05_set005_lunges_reps11.npz
w05,2,6,dumbbell_rows,10.0,25085.0,25574.0,1629,16.280000686645508,100.0,100.0,sw_r,/content/drive/MyDrive/Colab Notebooks/HAR_data/mmfit_imu_3ex_trials/npz/w05_set006_dumbbell_rows_reps10.npz
w05,2,7,dumbbell_rows,10.0,28325.0,28786.0,1537,15.359999656677246,100.0,100.0,sw_r,/content/drive/MyDrive/Colab Notebooks/HAR_data/mmfit_imu_3ex_trials/npz/w05_set007_dumbbell_rows_reps10.npz
w05,2,8,dumbbell_rows,10.0,32611.0,33005.0,1313,13.119999885559082,100.0,100.0,sw_r,/content/drive/MyDrive/Colab Notebooks/HAR_data/mmfit_imu_3ex_trials/npz/w05_set008_dumbbell_rows_reps10.npz
w06,0,0,pushups,10.0,5324.0,5777.0,1510,15.09000015258789,100.0,100.0,sw_r,/content/drive/MyDrive/Colab Notebooks/HAR_data/mmfit_imu_3ex_trials/npz/w06_set000_pushups_reps10.npz
w06,0,1,pushups,10.0,6367.0,6911.0,1813,18.1200008392334,100.0,100.0,sw_r,/content/drive/MyDrive/Colab Notebooks/HAR_data/mmfit_imu_3ex_trials/npz/w06_set001_pushups_reps10.npz
w06,0,2,pushups,10.0,7753.0,8270.0,1723,17.219999313354492,100.0,100.0,sw_r,/content/drive/MyDrive/Colab Notebooks/HAR_data/mmfit_imu_3ex_trials/npz/w06_set002_pushups_reps10.npz
w06,0,3,lunges,10.0,13448.0,14331.0,2942,29.40999984741211,100.0,100.0,sw_r,/content/drive/MyDrive/Colab Notebooks/HAR_data/mmfit_imu_3ex_trials/npz/w06_set003_lunges_reps10.npz
w06,0,4,lunges,10.0,19541.0,20324.0,2609,26.079999923706055,100.0,100.0,sw_r,/content/drive/MyDrive/Colab Notebooks/HAR_data/mmfit_imu_3ex_trials/npz/w06_set004_lunges_reps10.npz
w06,0,5,lunges,10.0,21002.0,21833.0,2770,27.690000534057617,100.0,100.0,sw_r,/content/drive/MyDrive/Colab Notebooks/HAR_data/mmfit_imu_3ex_trials/npz/w06_set005_lunges_reps10.npz
w06,0,6,dumbbell_rows,10.0,22904.0,23486.0,1940,19.389999389648438,100.0,100.0,sw_r,/content/drive/MyDrive/Colab Notebooks/HAR_data/mmfit_imu_3ex_trials/npz/w06_set006_dumbbell_rows_reps10.npz
w06,0,7,dumbbell_rows,10.0,26761.0,27283.0,1740,17.389999389648438,100.0,100.0,sw_r,/content/drive/MyDrive/Colab Notebooks/HAR_data/mmfit_imu_3ex_trials/npz/w06_set007_dumbbell_rows_reps10.npz
w06,0,8,dumbbell_rows,10.0,27937.0,28465.0,1760,17.59000015258789,100.0,100.0,sw_r,/content/drive/MyDrive/Colab Notebooks/HAR_data/mmfit_imu_3ex_trials/npz/w06_set008_dumbbell_rows_reps10.npz
w07,1,0,pushups,10.0,6835.0,7348.0,1710,17.09000015258789,100.0,100.0,sw_r,/content/drive/MyDrive/Colab Notebooks/HAR_data/mmfit_imu_3ex_trials/npz/w07_set000_pushups_reps10.npz
w07,1,1,pushups,10.0,8298.0,8847.0,1830,18.290000915527344,100.0,100.0,sw_r,/content/drive/MyDrive/Colab Notebooks/HAR_data/mmfit_imu_3ex_trials/npz/w07_set001_pushups_reps10.npz
w07,1,2,pushups,10.0,11432.0,11940.0,1693,16.920000076293945,100.0,100.0,sw_r,/content/drive/MyDrive/Colab Notebooks/HAR_data/mmfit_imu_3ex_trials/npz/w07_set002_pushups_reps10.npz
w07,1,3,lunges,10.0,24457.0,25354.0,2988,29.8700008392334,100.0,100.0,sw_r,/content/drive/MyDrive/Colab Notebooks/HAR_data/mmfit_imu_3ex_trials/npz/w07_set003_lunges_reps10.npz
w07,1,4,lunges,10.0,26510.0,27355.0,2815,28.139999389648438,100.0,100.0,sw_r,/content/drive/MyDrive/Colab Notebooks/HAR_data/mmfit_imu_3ex_trials/npz/w07_set004_lunges_reps10.npz
w07,1,5,lunges,10.0,31538.0,32383.0,2816,28.149999618530273,100.0,100.0,sw_r,/content/drive/MyDrive/Colab Notebooks/HAR_data/mmfit_imu_3ex_trials/npz/w07_set005_lunges_reps10.npz
w07,1,6,dumbbell_rows,10.0,44075.0,44591.0,1720,17.190000534057617,100.0,100.0,sw_r,/content/drive/MyDrive/Colab Notebooks/HAR_data/mmfit_imu_3ex_trials/npz/w07_set006_dumbbell_rows_reps10.npz
w07,1,7,dumbbell_rows,10.0,45834.0,46318.0,1611,16.100000381469727,100.0,100.0,sw_r,/content/drive/MyDrive/Colab Notebooks/HAR_data/mmfit_imu_3ex_trials/npz/w07_set007_dumbbell_rows_reps10.npz
w07,1,8,dumbbell_rows,10.0,47330.0,47827.0,1656,16.549999237060547,100.0,100.0,sw_r,/content/drive/MyDrive/Colab Notebooks/HAR_data/mmfit_imu_3ex_trials/npz/w07_set008_dumbbell_rows_reps10.npz
w08,0,0,pushups,10.0,5133.0,5539.0,1351,13.5,100.0,100.0,sw_r,/content/drive/MyDrive/Colab Notebooks/HAR_data/mmfit_imu_3ex_trials/npz/w08_set000_pushups_reps10.npz
w08,0,1,pushups,10.0,6166.0,6648.0,1605,16.040000915527344,100.0,100.0,sw_r,/content/drive/MyDrive/Colab Notebooks/HAR_data/mmfit_imu_3ex_trials/npz/w08_set001_pushups_reps10.npz
w08,0,2,pushups,10.0,16727.0,17169.0,1473,14.720000267028809,100.0,100.0,sw_r,/content/drive/MyDrive/Colab Notebooks/HAR_data/mmfit_imu_3ex_trials/npz/w08_set002_pushups_reps10.npz
w08,0,3,dumbbell_rows,10.0,22849.0,23477.0,2092,20.90999984741211,100.0,100.0,sw_r,/content/drive/MyDrive/Colab Notebooks/HAR_data/mmfit_imu_3ex_trials/npz/w08_set003_dumbbell_rows_reps10.npz
w08,0,4,dumbbell_rows,10.0,24040.0,24644.0,2013,20.1200008392334,100.0,100.0,sw_r,/content/drive/MyDrive/Colab Notebooks/HAR_data/mmfit_imu_3ex_trials/npz/w08_set004_dumbbell_rows_reps10.npz
w08,0,5,dumbbell_rows,10.0,26116.0,26767.0,2170,21.690000534057617,100.0,100.0,sw_r,/content/drive/MyDrive/Colab Notebooks/HAR_data/mmfit_imu_3ex_trials/npz/w08_set005_dumbbell_rows_reps10.npz
w08,0,6,lunges,10.0,41398.0,42333.0,3116,31.149999618530273,100.0,100.0,sw_r,/content/drive/MyDrive/Colab Notebooks/HAR_data/mmfit_imu_3ex_trials/npz/w08_set006_lunges_reps10.npz
w08,0,7,lunges,10.0,43294.0,44166.0,2905,29.040000915527344,100.0,100.0,sw_r,/content/drive/MyDrive/Colab Notebooks/HAR_data/mmfit_imu_3ex_trials/npz/w08_set007_lunges_reps10.npz
w08,0,8,lunges,10.0,44711.0,45527.0,2720,27.190000534057617,100.0,100.0,sw_r,/content/drive/MyDrive/Colab Notebooks/HAR_data/mmfit_imu_3ex_trials/npz/w08_set008_lunges_reps10.npz
w09,1,0,pushups,10.0,12843.0,13340.0,1656,16.549999237060547,100.0,100.0,sw_r,/content/drive/MyDrive/Colab Notebooks/HAR_data/mmfit_imu_3ex_trials/npz/w09_set000_pushups_reps10.npz
w09,1,1,pushups,10.0,14161.0,14729.0,1892,18.90999984741211,100.0,100.0,sw_r,/content/drive/MyDrive/Colab Notebooks/HAR_data/mmfit_imu_3ex_trials/npz/w09_set001_pushups_reps10.npz
w09,1,2,pushups,10.0,15442.0,16036.0,1979,19.780000686645508,100.0,100.0,sw_r,/content/drive/MyDrive/Colab Notebooks/HAR_data/mmfit_imu_3ex_trials/npz/w09_set002_pushups_reps10.npz
w09,1,3,lunges,10.0,29726.0,30615.0,2963,29.6200008392334,100.0,100.0,sw_r,/content/drive/MyDrive/Colab Notebooks/HAR_data/mmfit_imu_3ex_trials/npz/w09_set003_lunges_reps10.npz
w09,1,4,lunges,10.0,32564.0,33430.0,2886,28.850000381469727,100.0,100.0,sw_r,/content/drive/MyDrive/Colab Notebooks/HAR_data/mmfit_imu_3ex_trials/npz/w09_set004_lunges_reps10.npz
w09,1,5,lunges,10.0,38005.0,38842.0,2789,27.8799991607666,100.0,100.0,sw_r,/content/drive/MyDrive/Colab Notebooks/HAR_data/mmfit_imu_3ex_trials/npz/w09_set005_lunges_reps10.npz
w09,1,6,dumbbell_rows,10.0,41220.0,41705.0,1615,16.139999389648438,100.0,100.0,sw_r,/content/drive/MyDrive/Colab Notebooks/HAR_data/mmfit_imu_3ex_trials/npz/w09_set006_dumbbell_rows_reps10.npz
w09,1,7,dumbbell_rows,10.0,43877.0,44384.0,1689,16.8799991607666,100.0,100.0,sw_r,/content/drive/MyDrive/Colab Notebooks/HAR_data/mmfit_imu_3ex_trials/npz/w09_set007_dumbbell_rows_reps10.npz
w09,1,8,dumbbell_rows,10.0,45146.0,45695.0,1830,18.290000915527344,100.0,100.0,sw_r,/content/drive/MyDrive/Colab Notebooks/HAR_data/mmfit_imu_3ex_trials/npz/w09_set008_dumbbell_rows_reps10.npz
w10,0,0,pushups,10.0,6285.0,6795.0,1700,16.989999771118164,100.0,100.0,sw_r,/content/drive/MyDrive/Colab Notebooks/HAR_data/mmfit_imu_3ex_trials/npz/w10_set000_pushups_reps10.npz
w10,0,1,pushups,10.0,11703.0,12204.0,1669,16.68000030517578,100.0,100.0,sw_r,/content/drive/MyDrive/Colab Notebooks/HAR_data/mmfit_imu_3ex_trials/npz/w10_set001_pushups_reps10.npz
w10,0,2,pushups,10.0,13002.0,13525.0,1742,17.40999984741211,100.0,100.0,sw_r,/content/drive/MyDrive/Colab Notebooks/HAR_data/mmfit_imu_3ex_trials/npz/w10_set002_pushups_reps10.npz
w10,0,3,lunges,10.0,26349.0,27300.0,3169,31.68000030517578,100.0,100.0,sw_r,/content/drive/MyDrive/Colab Notebooks/HAR_data/mmfit_imu_3ex_trials/npz/w10_set003_lunges_reps10.npz
w10,0,4,lunges,10.0,28172.0,29112.0,3132,31.309999465942383,100.0,100.0,sw_r,/content/drive/MyDrive/Colab Notebooks/HAR_data/mmfit_imu_3ex_trials/npz/w10_set004_lunges_reps10.npz
w10,0,5,lunges,10.0,29816.0,30717.0,3003,30.020000457763672,100.0,100.0,sw_r,/content/drive/MyDrive/Colab Notebooks/HAR_data/mmfit_imu_3ex_trials/npz/w10_set005_lunges_reps10.npz
w10,0,6,dumbbell_rows,10.0,31726.0,32368.0,2139,21.3799991607666,100.0,100.0,sw_r,/content/drive/MyDrive/Colab Notebooks/HAR_data/mmfit_imu_3ex_trials/npz/w10_set006_dumbbell_rows_reps10.npz
w10,0,7,dumbbell_rows,10.0,33087.0,33735.0,2160,21.59000015258789,100.0,100.0,sw_r,/content/drive/MyDrive/Colab Notebooks/HAR_data/mmfit_imu_3ex_trials/npz/w10_set007_dumbbell_rows_reps10.npz
w10,0,8,dumbbell_rows,10.0,48584.0,49192.0,2026,20.25,100.0,100.0,sw_r,/content/drive/MyDrive/Colab Notebooks/HAR_data/mmfit_imu_3ex_trials/npz/w10_set008_dumbbell_rows_reps10.npz
w11,1,0,pushups,10.0,9936.0,10490.0,1846,18.450000762939453,100.0,100.0,sw_r,/content/drive/MyDrive/Colab Notebooks/HAR_data/mmfit_imu_3ex_trials/npz/w11_set000_pushups_reps10.npz
w11,1,1,pushups,10.0,11552.0,12129.0,1922,19.209999084472656,100.0,100.0,sw_r,/content/drive/MyDrive/Colab Notebooks/HAR_data/mmfit_imu_3ex_trials/npz/w11_set001_pushups_reps10.npz
w11,1,2,pushups,10.0,14616.0,15121.0,1683,16.81999969482422,100.0,100.0,sw_r,/content/drive/MyDrive/Colab Notebooks/HAR_data/mmfit_imu_3ex_trials/npz/w11_set002_pushups_reps10.npz
w11,1,3,lunges,10.0,24818.0,25759.0,3136,31.350000381469727,100.0,100.0,sw_r,/content/drive/MyDrive/Colab Notebooks/HAR_data/mmfit_imu_3ex_trials/npz/w11_set003_lunges_reps10.npz
w11,1,4,lunges,10.0,26730.0,27623.0,2977,29.760000228881836,100.0,100.0,sw_r,/content/drive/MyDrive/Colab Notebooks/HAR_data/mmfit_imu_3ex_trials/npz/w11_set004_lunges_reps10.npz
w11,1,5,lunges,10.0,29686.0,30532.0,2819,28.18000030517578,100.0,100.0,sw_r,/content/drive/MyDrive/Colab Notebooks/HAR_data/mmfit_imu_3ex_trials/npz/w11_set005_lunges_reps10.npz
w11,1,7,dumbbell_rows,10.0,34003.0,34554.0,1836,18.350000381469727,100.0,100.0,sw_r,/content/drive/MyDrive/Colab Notebooks/HAR_data/mmfit_imu_3ex_trials/npz/w11_set007_dumbbell_rows_reps10.npz
w11,1,8,dumbbell_rows,10.0,36035.0,36582.0,1821,18.200000762939453,100.0,100.0,sw_r,/content/drive/MyDrive/Colab Notebooks/HAR_data/mmfit_imu_3ex_trials/npz/w11_set008_dumbbell_rows_reps10.npz
w12,3,0,pushups,10.0,10994.0,11331.0,1123,11.220000267028809,100.0,100.0,sw_r,/content/drive/MyDrive/Colab Notebooks/HAR_data/mmfit_imu_3ex_trials/npz/w12_set000_pushups_reps10.npz
w12,3,1,pushups,10.0,12370.0,12740.0,1233,12.319999694824219,100.0,100.0,sw_r,/content/drive/MyDrive/Colab Notebooks/HAR_data/mmfit_imu_3ex_trials/npz/w12_set001_pushups_reps10.npz
w12,3,2,pushups,10.0,13776.0,14190.0,1379,13.779999732971191,100.0,100.0,sw_r,/content/drive/MyDrive/Colab Notebooks/HAR_data/mmfit_imu_3ex_trials/npz/w12_set002_pushups_reps10.npz
w12,3,3,lunges,10.0,22081.0,22765.0,2279,22.780000686645508,100.0,100.0,sw_r,/content/drive/MyDrive/Colab Notebooks/HAR_data/mmfit_imu_3ex_trials/npz/w12_set003_lunges_reps10.npz
w12,3,4,lunges,10.0,24908.0,25535.0,2089,20.8799991607666,100.0,100.0,sw_r,/content/drive/MyDrive/Colab Notebooks/HAR_data/mmfit_imu_3ex_trials/npz/w12_set004_lunges_reps10.npz
w12,3,5,lunges,10.0,28118.0,28750.0,2107,21.059999465942383,100.0,100.0,sw_r,/content/drive/MyDrive/Colab Notebooks/HAR_data/mmfit_imu_3ex_trials/npz/w12_set005_lunges_reps10.npz
w12,3,6,dumbbell_rows,10.0,34870.0,35305.0,1449,14.479999542236328,100.0,100.0,sw_r,/content/drive/MyDrive/Colab Notebooks/HAR_data/mmfit_imu_3ex_trials/npz/w12_set006_dumbbell_rows_reps10.npz
w12,3,7,dumbbell_rows,10.0,38503.0,38855.0,1172,11.710000038146973,100.0,100.0,sw_r,/content/drive/MyDrive/Colab Notebooks/HAR_data/mmfit_imu_3ex_trials/npz/w12_set007_dumbbell_rows_reps10.npz
w12,3,8,dumbbell_rows,10.0,42945.0,43304.0,1197,11.960000038146973,100.0,100.0,sw_r,/content/drive/MyDrive/Colab Notebooks/HAR_data/mmfit_imu_3ex_trials/npz/w12_set008_dumbbell_rows_reps10.npz
w13,4,0,pushups,10.0,10513.0,10902.0,1297,12.960000038146973,100.0,100.0,sw_r,/content/drive/MyDrive/Colab Notebooks/HAR_data/mmfit_imu_3ex_trials/npz/w13_set000_pushups_reps10.npz
w13,4,1,pushups,10.0,12415.0,12790.0,1250,12.489999771118164,100.0,100.0,sw_r,/content/drive/MyDrive/Colab Notebooks/HAR_data/mmfit_imu_3ex_trials/npz/w13_set001_pushups_reps10.npz
w13,4,2,pushups,10.0,15326.0,15677.0,1169,11.680000305175781,100.0,100.0,sw_r,/content/drive/MyDrive/Colab Notebooks/HAR_data/mmfit_imu_3ex_trials/npz/w13_set002_pushups_reps10.npz
w13,4,3,lunges,10.0,23865.0,24648.0,2609,26.079999923706055,100.0,100.0,sw_r,/content/drive/MyDrive/Colab Notebooks/HAR_data/mmfit_imu_3ex_trials/npz/w13_set003_lunges_reps10.npz
w13,4,4,lunges,10.0,26003.0,26838.0,2782,27.809999465942383,100.0,100.0,sw_r,/content/drive/MyDrive/Colab Notebooks/HAR_data/mmfit_imu_3ex_trials/npz/w13_set004_lunges_reps10.npz
w13,4,5,lunges,10.0,29792.0,30485.0,2308,23.06999969482422,100.0,100.0,sw_r,/content/drive/MyDrive/Colab Notebooks/HAR_data/mmfit_imu_3ex_trials/npz/w13_set005_lunges_reps10.npz
w13,4,6,dumbbell_rows,10.0,31581.0,31942.0,1203,12.020000457763672,100.0,100.0,sw_r,/content/drive/MyDrive/Colab Notebooks/HAR_data/mmfit_imu_3ex_trials/npz/w13_set006_dumbbell_rows_reps10.npz
w13,4,7,dumbbell_rows,10.0,34932.0,35258.0,1086,10.850000381469727,100.0,100.0,sw_r,/content/drive/MyDrive/Colab Notebooks/HAR_data/mmfit_imu_3ex_trials/npz/w13_set007_dumbbell_rows_reps10.npz
w13,4,8,dumbbell_rows,10.0,36980.0,37351.0,1235,12.34000015258789,100.0,100.0,sw_r,/content/drive/MyDrive/Colab Notebooks/HAR_data/mmfit_imu_3ex_trials/npz/w13_set008_dumbbell_rows_reps10.npz
w14,0,0,pushups,10.0,5592.0,6084.0,1640,16.389999389648438,100.0,100.0,sw_r,/content/drive/MyDrive/Colab Notebooks/HAR_data/mmfit_imu_3ex_trials/npz/w14_set000_pushups_reps10.npz
w14,0,1,pushups,10.0,6584.0,7009.0,1416,14.149999618530273,100.0,100.0,sw_r,/content/drive/MyDrive/Colab Notebooks/HAR_data/mmfit_imu_3ex_trials/npz/w14_set001_pushups_reps10.npz
w14,0,2,pushups,10.0,7960.0,8409.0,1497,14.960000038146973,100.0,100.0,sw_r,/content/drive/MyDrive/Colab Notebooks/HAR_data/mmfit_imu_3ex_trials/npz/w14_set002_pushups_reps10.npz
w14,0,3,dumbbell_rows,10.0,16689.0,17252.0,1876,18.75,100.0,100.0,sw_r,/content/drive/MyDrive/Colab Notebooks/HAR_data/mmfit_imu_3ex_trials/npz/w14_set003_dumbbell_rows_reps10.npz
w14,0,4,dumbbell_rows,10.0,17820.0,18365.0,1817,18.15999984741211,100.0,100.0,sw_r,/content/drive/MyDrive/Colab Notebooks/HAR_data/mmfit_imu_3ex_trials/npz/w14_set004_dumbbell_rows_reps10.npz
w14,0,5,dumbbell_rows,10.0,19343.0,19900.0,1856,18.549999237060547,100.0,100.0,sw_r,/content/drive/MyDrive/Colab Notebooks/HAR_data/mmfit_imu_3ex_trials/npz/w14_set005_dumbbell_rows_reps10.npz
w14,0,6,lunges,10.0,40789.0,41622.0,2776,27.75,100.0,100.0,sw_r,/content/drive/MyDrive/Colab Notebooks/HAR_data/mmfit_imu_3ex_trials/npz/w14_set006_lunges_reps10.npz
w14,0,7,lunges,10.0,44003.0,44813.0,2699,26.979999542236328,100.0,100.0,sw_r,/content/drive/MyDrive/Colab Notebooks/HAR_data/mmfit_imu_3ex_trials/npz/w14_set007_lunges_reps10.npz
w14,0,8,lunges,10.0,45380.0,46161.0,2603,26.020000457763672,100.0,100.0,sw_r,/content/drive/MyDrive/Colab Notebooks/HAR_data/mmfit_imu_3ex_trials/npz/w14_set008_lunges_reps10.npz
w15,1,0,pushups,10.0,10564.0,11010.0,1487,14.859999656677246,100.0,100.0,sw_r,/content/drive/MyDrive/Colab Notebooks/HAR_data/mmfit_imu_3ex_trials/npz/w15_set000_pushups_reps10.npz
w15,1,1,pushups,10.0,11887.0,12344.0,1522,15.210000038146973,100.0,100.0,sw_r,/content/drive/MyDrive/Colab Notebooks/HAR_data/mmfit_imu_3ex_trials/npz/w15_set001_pushups_reps10.npz
w15,1,2,pushups,10.0,13469.0,13917.0,1493,14.920000076293945,100.0,100.0,sw_r,/content/drive/MyDrive/Colab Notebooks/HAR_data/mmfit_imu_3ex_trials/npz/w15_set002_pushups_reps10.npz
w15,1,3,lunges,10.0,19631.0,20434.0,2677,26.760000228881836,100.0,100.0,sw_r,/content/drive/MyDrive/Colab Notebooks/HAR_data/mmfit_imu_3ex_trials/npz/w15_set003_lunges_reps10.npz
w15,1,4,lunges,10.0,21915.0,22731.0,2719,27.18000030517578,100.0,100.0,sw_r,/content/drive/MyDrive/Colab Notebooks/HAR_data/mmfit_imu_3ex_trials/npz/w15_set004_lunges_reps10.npz
w15,1,5,lunges,10.0,25332.0,26138.0,2685,26.84000015258789,100.0,100.0,sw_r,/content/drive/MyDrive/Colab Notebooks/HAR_data/mmfit_imu_3ex_trials/npz/w15_set005_lunges_reps10.npz
w15,1,6,dumbbell_rows,10.0,28202.0,28703.0,1670,16.690000534057617,100.0,100.0,sw_r,/content/drive/MyDrive/Colab Notebooks/HAR_data/mmfit_imu_3ex_trials/npz/w15_set006_dumbbell_rows_reps10.npz
w15,1,7,dumbbell_rows,10.0,29663.0,30192.0,1763,17.6200008392334,100.0,100.0,sw_r,/content/drive/MyDrive/Colab Notebooks/HAR_data/mmfit_imu_3ex_trials/npz/w15_set007_dumbbell_rows_reps10.npz
w15,1,8,dumbbell_rows,10.0,31062.0,31572.0,1699,16.979999542236328,100.0,100.0,sw_r,/content/drive/MyDrive/Colab Notebooks/HAR_data/mmfit_imu_3ex_trials/npz/w15_set008_dumbbell_rows_reps10.npz
w16,5,0,pushups,10.0,9557.0,9951.0,1313,13.119999885559082,100.0,100.0,sw_r,/content/drive/MyDrive/Colab Notebooks/HAR_data/mmfit_imu_3ex_trials/npz/w16_set000_pushups_reps10.npz
w16,5,1,pushups,10.0,11735.0,12465.0,2432,24.309999465942383,100.0,100.0,sw_r,/content/drive/MyDrive/Colab Notebooks/HAR_data/mmfit_imu_3ex_trials/npz/w16_set001_pushups_reps10.npz
w16,5,2,pushups,10.0,13696.0,14306.0,2032,20.309999465942383,100.0,100.0,sw_r,/content/drive/MyDrive/Colab Notebooks/HAR_data/mmfit_imu_3ex_trials/npz/w16_set002_pushups_reps10.npz
w16,5,3,pushups,10.0,15543.0,16189.0,2153,21.520000457763672,100.0,100.0,sw_r,/content/drive/MyDrive/Colab Notebooks/HAR_data/mmfit_imu_3ex_trials/npz/w16_set003_pushups_reps10.npz
w16,5,4,lunges,10.0,26293.0,27211.0,3059,30.579999923706055,100.0,100.0,sw_r,/content/drive/MyDrive/Colab Notebooks/HAR_data/mmfit_imu_3ex_trials/npz/w16_set004_lunges_reps10.npz
w16,5,5,lunges,10.0,28479.0,29321.0,2806,28.049999237060547,100.0,100.0,sw_r,/content/drive/MyDrive/Colab Notebooks/HAR_data/mmfit_imu_3ex_trials/npz/w16_set005_lunges_reps10.npz
w16,5,6,lunges,10.0,31545.0,32488.0,3142,31.40999984741211,100.0,100.0,sw_r,/content/drive/MyDrive/Colab Notebooks/HAR_data/mmfit_imu_3ex_trials/npz/w16_set006_lunges_reps10.npz
w16,5,7,dumbbell_rows,12.0,34400.0,35003.0,2010,20.09000015258789,100.0,100.0,sw_r,/content/drive/MyDrive/Colab Notebooks/HAR_data/mmfit_imu_3ex_trials/npz/w16_set007_dumbbell_rows_reps12.npz
w16,5,8,dumbbell_rows,10.0,36338.0,36920.0,1940,19.389999389648438,100.0,100.0,sw_r,/content/drive/MyDrive/Colab Notebooks/HAR_data/mmfit_imu_3ex_trials/npz/w16_set008_dumbbell_rows_reps10.npz
w16,5,9,dumbbell_rows,10.0,38449.0,38977.0,1759,17.579999923706055,100.0,100.0,sw_r,/content/drive/MyDrive/Colab Notebooks/HAR_data/mmfit_imu_3ex_trials/npz/w16_set009_dumbbell_rows_reps10.npz
w17,6,0,pushups,10.0,8684.0,9105.0,1403,14.020000457763672,100.0,100.0,sw_r,/content/drive/MyDrive/Colab Notebooks/HAR_data/mmfit_imu_3ex_trials/npz/w17_set000_pushups_reps10.npz
w17,6,1,pushups,10.0,10018.0,10454.0,1452,14.510000228881836,100.0,100.0,sw_r,/content/drive/MyDrive/Colab Notebooks/HAR_data/mmfit_imu_3ex_trials/npz/w17_set001_pushups_reps10.npz
w17,6,2,pushups,9.0,11633.0,11986.0,1177,11.760000228881836,100.0,100.0,sw_r,/content/drive/MyDrive/Colab Notebooks/HAR_data/mmfit_imu_3ex_trials/npz/w17_set002_pushups_reps9.npz
w17,6,3,pushups,12.0,12902.0,13345.0,1476,14.75,100.0,100.0,sw_r,/content/drive/MyDrive/Colab Notebooks/HAR_data/mmfit_imu_3ex_trials/npz/w17_set003_pushups_reps12.npz
w17,6,4,lunges,10.0,20035.0,20803.0,2559,25.579999923706055,100.0,100.0,sw_r,/content/drive/MyDrive/Colab Notebooks/HAR_data/mmfit_imu_3ex_trials/npz/w17_set004_lunges_reps10.npz
w17,6,5,lunges,10.0,21841.0,22563.0,2406,24.049999237060547,100.0,100.0,sw_r,/content/drive/MyDrive/Colab Notebooks/HAR_data/mmfit_imu_3ex_trials/npz/w17_set005_lunges_reps10.npz
w17,6,6,lunges,14.0,24253.0,25302.0,3497,34.959999084472656,100.0,100.0,sw_r,/content/drive/MyDrive/Colab Notebooks/HAR_data/mmfit_imu_3ex_trials/npz/w17_set006_lunges_reps14.npz
w17,6,7,dumbbell_rows,10.0,26802.0,27222.0,1399,13.979999542236328,100.0,100.0,sw_r,/content/drive/MyDrive/Colab Notebooks/HAR_data/mmfit_imu_3ex_trials/npz/w17_set007_dumbbell_rows_reps10.npz
w17,6,8,dumbbell_rows,10.0,27935.0,28287.0,1172,11.710000038146973,100.0,100.0,sw_r,/content/drive/MyDrive/Colab Notebooks/HAR_data/mmfit_imu_3ex_trials/npz/w17_set008_dumbbell_rows_reps10.npz
w17,6,9,dumbbell_rows,10.0,29634.0,29989.0,1182,11.8100004196167,100.0,100.0,sw_r,/content/drive/MyDrive/Colab Notebooks/HAR_data/mmfit_imu_3ex_trials/npz/w17_set009_dumbbell_rows_reps10.npz
w18,7,0,pushups,10.0,9629.0,10111.0,1606,16.049999237060547,100.0,105.55555555555556,sw_r,/content/drive/MyDrive/Colab Notebooks/HAR_data/mmfit_imu_3ex_trials/npz/w18_set000_pushups_reps10.npz
w18,7,1,pushups,10.0,13444.0,13974.0,1766,17.649999618530273,100.0,105.55555555555556,sw_r,/content/drive/MyDrive/Colab Notebooks/HAR_data/mmfit_imu_3ex_trials/npz/w18_set001_pushups_reps10.npz
w18,7,2,pushups,10.0,17455.0,18010.0,1850,18.489999771118164,100.0,105.55555555555556,sw_r,/content/drive/MyDrive/Colab Notebooks/HAR_data/mmfit_imu_3ex_trials/npz/w18_set002_pushups_reps10.npz
w18,7,3,lunges,10.0,30819.0,31743.0,3079,30.780000686645508,100.0,105.55555555555556,sw_r,/content/drive/MyDrive/Colab Notebooks/HAR_data/mmfit_imu_3ex_trials/npz/w18_set003_lunges_reps10.npz
w18,7,4,lunges,10.0,38546.0,39400.0,2846,28.450000762939453,100.0,105.55555555555556,sw_r,/content/drive/MyDrive/Colab Notebooks/HAR_data/mmfit_imu_3ex_trials/npz/w18_set004_lunges_reps10.npz
w18,7,5,lunges,10.0,45218.0,46080.0,2872,28.709999084472656,100.0,105.55555555555556,sw_r,/content/drive/MyDrive/Colab Notebooks/HAR_data/mmfit_imu_3ex_trials/npz/w18_set005_lunges_reps10.npz
w18,7,6,dumbbell_rows,10.0,48910.0,49477.0,1890,18.889999389648438,100.0,105.55555555555556,sw_r,/content/drive/MyDrive/Colab Notebooks/HAR_data/mmfit_imu_3ex_trials/npz/w18_set006_dumbbell_rows_reps10.npz
w18,7,7,dumbbell_rows,10.0,56150.0,56746.0,1986,19.850000381469727,100.0,105.55555555555556,sw_r,/content/drive/MyDrive/Colab Notebooks/HAR_data/mmfit_imu_3ex_trials/npz/w18_set007_dumbbell_rows_reps10.npz
w18,7,8,dumbbell_rows,10.0,61484.0,62071.0,1957,19.559999465942383,100.0,105.55555555555556,sw_r,/content/drive/MyDrive/Colab Notebooks/HAR_data/mmfit_imu_3ex_trials/npz/w18_set008_dumbbell_rows_reps10.npz
w19,8,0,pushups,10.0,5420.0,6088.0,2227,22.260000228881836,100.0,105.55555555555556,sw_r,/content/drive/MyDrive/Colab Notebooks/HAR_data/mmfit_imu_3ex_trials/npz/w19_set000_pushups_reps10.npz
w19,8,1,pushups,10.0,7845.0,8730.0,2950,29.489999771118164,100.0,105.55555555555556,sw_r,/content/drive/MyDrive/Colab Notebooks/HAR_data/mmfit_imu_3ex_trials/npz/w19_set001_pushups_reps10.npz
w19,8,2,pushups,7.0,11910.0,12654.0,2480,24.790000915527344,100.0,105.55555555555556,sw_r,/content/drive/MyDrive/Colab Notebooks/HAR_data/mmfit_imu_3ex_trials/npz/w19_set002_pushups_reps7.npz
w19,8,3,lunges,10.0,19930.0,20954.0,3413,34.119998931884766,100.0,105.55555555555556,sw_r,/content/drive/MyDrive/Colab Notebooks/HAR_data/mmfit_imu_3ex_trials/npz/w19_set003_lunges_reps10.npz
w19,8,4,lunges,10.0,21726.0,22551.0,2750,27.489999771118164,100.0,105.55555555555556,sw_r,/content/drive/MyDrive/Colab Notebooks/HAR_data/mmfit_imu_3ex_trials/npz/w19_set004_lunges_reps10.npz
w19,8,5,lunges,10.0,23396.0,24170.0,2579,25.780000686645508,100.0,105.55555555555556,sw_r,/content/drive/MyDrive/Colab Notebooks/HAR_data/mmfit_imu_3ex_trials/npz/w19_set005_lunges_reps10.npz
w19,8,6,dumbbell_rows,10.0,25843.0,26283.0,1466,14.649999618530273,100.0,105.55555555555556,sw_r,/content/drive/MyDrive/Colab Notebooks/HAR_data/mmfit_imu_3ex_trials/npz/w19_set006_dumbbell_rows_reps10.npz
w19,8,7,dumbbell_rows,10.0,26980.0,27460.0,1599,15.979999542236328,100.0,105.55555555555556,sw_r,/content/drive/MyDrive/Colab Notebooks/HAR_data/mmfit_imu_3ex_trials/npz/w19_set007_dumbbell_rows_reps10.npz
w19,8,8,dumbbell_rows,10.0,29220.0,29671.0,1503,15.020000457763672,100.0,105.55555555555556,sw_r,/content/drive/MyDrive/Colab Notebooks/HAR_data/mmfit_imu_3ex_trials/npz/w19_set008_dumbbell_rows_reps10.npz
w20,9,0,pushups,10.0,10093.0,10621.0,1759,17.579999923706055,100.0,100.0,sw_r,/content/drive/MyDrive/Colab Notebooks/HAR_data/mmfit_imu_3ex_trials/npz/w20_set000_pushups_reps10.npz
w20,9,1,pushups,10.0,12592.0,13225.0,2110,21.09000015258789,100.0,100.0,sw_r,/content/drive/MyDrive/Colab Notebooks/HAR_data/mmfit_imu_3ex_trials/npz/w20_set001_pushups_reps10.npz
w20,9,2,pushups,10.0,15603.0,16331.0,2427,24.260000228881836,100.0,100.0,sw_r,/content/drive/MyDrive/Colab Notebooks/HAR_data/mmfit_imu_3ex_trials/npz/w20_set002_pushups_reps10.npz
w20,9,3,lunges,10.0,20425.0,21429.0,3346,33.45000076293945,100.0,100.0,sw_r,/content/drive/MyDrive/Colab Notebooks/HAR_data/mmfit_imu_3ex_trials/npz/w20_set003_lunges_reps10.npz
w20,9,4,lunges,9.0,22940.0,23846.0,3019,30.18000030517578,100.0,100.0,sw_r,/content/drive/MyDrive/Colab Notebooks/HAR_data/mmfit_imu_3ex_trials/npz/w20_set004_lunges_reps9.npz
w20,9,5,lunges,10.0,26392.0,27375.0,3276,32.75,100.0,100.0,sw_r,/content/drive/MyDrive/Colab Notebooks/HAR_data/mmfit_imu_3ex_trials/npz/w20_set005_lunges_reps10.npz
w20,9,6,dumbbell_rows,10.0,31643.0,32235.0,1972,19.709999084472656,100.0,100.0,sw_r,/content/drive/MyDrive/Colab Notebooks/HAR_data/mmfit_imu_3ex_trials/npz/w20_set006_dumbbell_rows_reps10.npz
w20,9,7,dumbbell_rows,10.0,33867.0,34568.0,2336,23.350000381469727,100.0,100.0,sw_r,/content/drive/MyDrive/Colab Notebooks/HAR_data/mmfit_imu_3ex_trials/npz/w20_set007_dumbbell_rows_reps10.npz
w20,9,8,dumbbell_rows,10.0,36462.0,37081.0,2063,20.6200008392334,100.0,100.0,sw_r,/content/drive/MyDrive/Colab Notebooks/HAR_data/mmfit_imu_3ex_trials/npz/w20_set008_dumbbell_rows_reps10.npz
